City_ID,City,Country,Date,Lat,Lng,Max Temp,Humidity,Cloudiness,Wind Speed
0,Butaritari,KI,2021-01-30 19:55:33,3.0707,172.7902,80.94,77,100,16.35
1,Cape Town,ZA,2021-01-30 19:55:33,-33.9258,18.4232,72.0,68,20,9.22
2,Cap Malheureux,MU,2021-01-30 19:55:33,-19.9842,57.6142,79.0,82,0,3.0
3,Rikitea,PF,2021-01-30 19:55:33,-23.1203,-134.9692,78.87,76,3,12.93
4,Wagga Wagga,AU,2021-01-30 19:55:33,-35.1167,147.3667,60.8,88,0,3.44
5,Caravelas,BR,2021-01-30 19:55:33,-17.7125,-39.2481,81.12,68,0,8.7
6,Mayumba,GA,2021-01-30 19:55:33,-3.432,10.6554,78.82,86,100,3.51
7,Khatanga,RU,2021-01-30 19:55:33,71.9667,102.5,-45.99,77,26,0.36
8,Kapaa,US,2021-01-30 19:55:33,22.0752,-159.319,71.6,94,90,17.27
9,Oda,JP,2021-01-30 19:55:33,35.1833,132.5,44.08,61,10,14.81
10,Mahebourg,MU,2021-01-30 19:53:41,-20.4081,57.7,78.8,89,20,5.75
11,Kodiak,US,2021-01-30 19:55:34,57.79,-152.4072,30.2,59,1,23.02
12,Sibolga,ID,2021-01-30 19:55:34,1.7427,98.7792,75.94,82,100,3.13
13,Ola,RU,2021-01-30 19:55:34,59.5833,151.2833,-16.56,81,55,14.92
14,Mount Isa,AU,2021-01-30 19:55:34,-20.7333,139.5,87.8,35,41,8.05
15,Ramhormoz,IR,2021-01-30 19:55:34,31.28,49.6035,55.04,49,0,9.28
16,Ushuaia,AR,2021-01-30 19:55:34,-54.8,-68.3,53.6,58,20,26.46
17,Mabaruma,GY,2021-01-30 19:55:34,8.2,-59.7833,76.35,94,100,5.03
18,Dharchula,IN,2021-01-30 19:55:34,29.85,80.5333,43.02,42,0,5.68
19,Provideniya,RU,2021-01-30 19:55:35,64.3833,-173.3,-13.49,83,71,8.37
20,New Norfolk,AU,2021-01-30 19:55:35,-42.7826,147.0587,51.01,70,26,2.39
21,Shizunai,JP,2021-01-30 19:55:35,42.3339,142.3669,24.62,90,81,22.37
22,Preston,GB,2021-01-30 19:55:35,53.7667,-2.7167,35.6,75,0,18.41
23,Hobart,AU,2021-01-30 19:55:35,-42.8794,147.3294,52.0,81,20,3.44
24,Avarua,CK,2021-01-30 19:55:35,-21.2078,-159.775,84.2,70,100,3.44
25,Atuona,PF,2021-01-30 19:55:35,-9.8,-139.0333,78.64,78,10,17.52
26,Port Alfred,ZA,2021-01-30 19:55:35,-33.5906,26.891,69.49,75,56,4.23
27,Pyaozerskiy,RU,2021-01-30 19:55:35,65.8333,31.1667,11.53,96,100,6.55
28,Qaanaaq,GL,2021-01-30 19:55:36,77.484,-69.3632,-4.85,74,99,1.79
29,Vaini,TO,2021-01-30 19:55:36,-21.2,-175.2,75.2,94,75,6.91
30,Beidao,CN,2021-01-30 19:55:36,34.5686,105.8933,32.49,70,89,1.32
31,Tiebissou,CI,2021-01-30 19:55:36,7.1574,-5.2257,86.0,62,100,5.44
32,Longyearbyen,SJ,2021-01-30 19:55:30,78.2186,15.6401,-2.2,55,20,20.71
33,Mangrol,IN,2021-01-30 19:55:36,21.1167,70.1167,64.09,29,0,10.18
34,Hithadhoo,MV,2021-01-30 19:55:36,-0.6,73.0833,82.31,77,45,15.43
35,Chipinge,ZW,2021-01-30 19:55:36,-20.1883,32.6236,67.08,96,30,6.85
36,Busselton,AU,2021-01-30 19:55:36,-33.65,115.3333,63.0,74,0,1.99
37,Kuching,MY,2021-01-30 19:51:08,1.55,110.3333,75.2,100,40,3.44
38,Ust-Nera,RU,2021-01-30 19:55:37,64.5667,143.2,-22.95,77,100,7.23
39,Martapura,ID,2021-01-30 19:55:37,-3.4167,114.85,77.0,94,75,1.32
40,Hudiksvall,SE,2021-01-30 19:55:37,61.729,17.1036,8.01,57,100,3.0
41,Kirakira,SB,2021-01-30 19:55:37,-10.4544,161.9205,78.87,82,100,4.52
42,Severo-Kurilsk,RU,2021-01-30 19:55:37,50.6789,156.125,23.68,95,100,29.68
43,Mocuba,MZ,2021-01-30 19:55:37,-16.8392,36.9856,74.73,97,100,3.22
44,Itaituba,BR,2021-01-30 19:55:37,-4.2761,-55.9836,84.24,77,99,3.83
45,Morondava,MG,2021-01-30 19:55:02,-20.2833,44.2833,82.47,77,100,7.36
46,Bredasdorp,ZA,2021-01-30 19:55:37,-34.5322,20.0403,66.0,84,5,1.99
47,Cotonou,BJ,2021-01-30 19:53:39,6.3654,2.4183,84.2,84,20,11.5
48,The Valley,AI,2021-01-30 19:55:38,18.217,-63.0578,80.6,69,40,11.5
49,Jamestown,US,2021-01-30 19:55:38,42.097,-79.2353,26.01,68,90,3.44
50,Jesus Carranza,MX,2021-01-30 19:55:38,17.4333,-95.0333,76.82,79,80,2.15
51,Batagay,RU,2021-01-30 19:55:38,67.6333,134.6333,-47.7,76,81,1.14
52,Mandera,KE,2021-01-30 19:55:38,3.9366,41.867,81.93,19,0,8.68
53,Mataura,NZ,2021-01-30 19:55:38,-46.1927,168.8643,48.0,80,74,8.01
54,Tuatapere,NZ,2021-01-30 19:55:38,-46.1333,167.6833,48.0,80,88,8.01
55,Punta Arenas,CL,2021-01-30 19:51:12,-53.15,-70.9167,59.0,51,0,25.32
56,East London,ZA,2021-01-30 19:55:38,-33.0153,27.9116,71.37,78,3,2.53
57,Cherskiy,RU,2021-01-30 19:55:38,68.75,161.3,-37.03,83,8,2.3
58,Upernavik,GL,2021-01-30 19:55:39,72.7868,-56.1549,-9.98,85,0,7.61
59,Dikson,RU,2021-01-30 19:55:39,73.5069,80.5464,-36.04,82,0,9.01
60,Walvis Bay,NA,2021-01-30 19:55:39,-22.9575,14.5053,66.99,77,0,5.75
61,Mehamn,NO,2021-01-30 19:55:39,71.0357,27.8492,25.47,96,100,22.5
62,Coahuayana,MX,2021-01-30 19:55:39,18.7333,-103.6833,86.0,42,40,7.38
63,Alekseyevsk,RU,2021-01-30 19:55:39,57.8406,108.3492,-42.41,77,77,2.33
64,Verkhnevilyuysk,RU,2021-01-30 19:55:39,63.4453,120.3167,-40.76,81,100,2.17
65,Tiksi,RU,2021-01-30 19:55:39,71.6872,128.8694,-27.22,86,100,5.23
66,Kandiari,PK,2021-01-30 19:55:39,26.9156,68.5216,58.12,30,0,5.03
67,Estelle,US,2021-01-30 19:55:39,29.8458,-90.1067,70.0,77,75,10.36
68,Anadyr,RU,2021-01-30 19:55:40,64.75,177.4833,-5.8,65,93,15.66
69,Bilibino,RU,2021-01-30 19:55:40,68.0546,166.4372,-27.6,79,1,5.55
70,Andenes,NO,2021-01-30 19:55:40,69.3143,16.1194,24.01,74,0,13.8
71,Adrar,MR,2021-01-30 19:55:40,20.5022,-10.0711,71.74,20,17,8.86
72,Hilo,US,2021-01-30 19:52:35,19.7297,-155.09,72.0,83,90,9.22
73,North Platte,US,2021-01-30 19:55:40,41.1239,-100.7654,30.2,80,90,17.27
74,Bambous Virieux,MU,2021-01-30 19:55:40,-20.3428,57.7575,79.0,89,20,5.75
75,Lagoa,PT,2021-01-30 19:55:40,39.05,-27.9833,62.26,89,44,29.04
76,Klaksvik,FO,2021-01-30 19:55:40,62.2266,-6.589,33.8,86,75,14.97
77,Yellowknife,CA,2021-01-30 19:55:11,62.456,-114.3525,-9.99,76,40,4.61
78,Lavrentiya,RU,2021-01-30 19:55:41,65.5833,-171.0,-18.78,83,0,6.78
79,Yining,CN,2021-01-30 19:55:41,29.0361,114.5636,44.33,78,84,1.07
80,Clyde River,CA,2021-01-30 19:55:41,70.4692,-68.5914,-16.6,76,1,7.16
81,Bideford,GB,2021-01-30 19:55:41,51.0179,-4.2046,41.0,91,68,18.01
82,Jalu,LY,2021-01-30 19:55:41,29.0331,21.5482,62.91,39,0,10.45
83,Katsuura,JP,2021-01-30 19:55:41,35.1333,140.3,35.6,60,20,3.44
84,Saskylakh,RU,2021-01-30 19:55:42,71.9167,114.0833,-36.35,80,100,9.62
85,Mandalgovi,MN,2021-01-30 19:55:42,45.7625,106.2708,14.59,87,80,13.91
86,Albany,US,2021-01-30 19:51:00,42.6001,-73.9662,21.0,45,11,5.01
87,Saint-Philippe,RE,2021-01-30 19:55:42,-21.3585,55.7679,78.8,65,0,4.61
88,Bonavista,CA,2021-01-30 19:55:42,48.6499,-53.1147,30.0,93,100,4.61
89,Matagami,CA,2021-01-30 19:55:42,49.7502,-77.6328,-2.2,92,90,9.22
90,Juxtlahuaca,MX,2021-01-30 19:55:42,17.4294,-99.1467,88.27,25,60,1.95
91,Ambulu,ID,2021-01-30 19:55:42,-8.345,113.6058,74.97,85,100,2.17
92,Houston,US,2021-01-30 19:54:37,29.7633,-95.3633,73.4,73,90,9.22
93,Airai,TL,2021-01-30 19:55:43,-8.9266,125.4092,62.06,100,100,5.5
94,Acarau,BR,2021-01-30 19:55:43,-2.8856,-40.12,83.8,67,88,17.6
95,Arraial Do Cabo,BR,2021-01-30 19:51:13,-22.9661,-42.0278,86.0,54,0,19.57
96,La Carlota,PH,2021-01-30 19:55:43,10.4233,122.9208,74.3,80,98,12.88
97,Almaznyy,RU,2021-01-30 19:55:43,48.0448,40.045,39.2,75,20,11.18
98,Vardo,NO,2021-01-30 19:55:43,70.3705,31.1107,24.39,96,100,21.9
99,Bijie,CN,2021-01-30 19:55:43,27.3125,105.2942,37.65,90,100,4.52
100,Richards Bay,ZA,2021-01-30 19:55:43,-28.783,32.0377,75.72,83,100,5.32
101,Arkhangelsk,RU,2021-01-30 19:54:11,64.5401,40.5433,23.0,93,90,6.71
102,Ribeira Grande,PT,2021-01-30 19:55:43,38.5167,-28.7,64.4,88,20,17.27
103,Zhaozhou,CN,2021-01-30 19:55:44,45.6833,125.3167,-16.01,87,97,6.89
104,Mathathane,BW,2021-01-30 19:55:44,-22.2687,28.7495,80.96,61,86,15.59
105,Mar Del Plata,AR,2021-01-30 19:53:48,-38.0023,-57.5575,62.6,59,90,18.41
106,Bagdarin,RU,2021-01-30 19:55:44,54.4333,113.6,-30.62,77,0,2.57
107,Chuy,UY,2021-01-30 19:55:44,-33.6971,-53.4616,79.83,60,23,14.32
108,Bluff,NZ,2021-01-30 19:55:44,-46.6,168.3333,48.0,80,99,8.01
109,Barrow,US,2021-01-30 19:55:02,71.2906,-156.7887,-9.4,77,90,10.36
110,Chengam,IN,2021-01-30 19:55:45,12.3,78.8,67.39,79,0,1.97
111,Husavik,IS,2021-01-30 19:55:45,66.0449,-17.3389,17.6,67,90,3.44
112,Ust-Karsk,RU,2021-01-30 19:55:45,52.7011,118.8077,-25.19,82,100,2.06
113,Lebu,CL,2021-01-30 19:55:45,-37.6167,-73.65,62.01,70,8,11.36
114,Haines Junction,CA,2021-01-30 19:55:45,60.7522,-137.5108,-5.8,77,100,0.83
115,Pacific Grove,US,2021-01-30 19:55:45,36.6177,-121.9166,57.0,62,40,5.75
116,Castro,BR,2021-01-30 19:55:45,-24.7911,-50.0119,69.08,94,98,5.03
117,Saint George,US,2021-01-30 19:51:42,37.1041,-113.5841,46.99,67,6,0.31
118,Lyuban,BY,2021-01-30 19:55:46,52.7985,28.0048,21.38,98,100,4.99
119,Hermanus,ZA,2021-01-30 19:55:46,-34.4187,19.2345,66.0,84,5,1.99
120,Inhapim,BR,2021-01-30 19:55:46,-19.5492,-42.12,80.44,65,14,4.76
121,Dargaville,NZ,2021-01-30 19:55:46,-35.9333,173.8833,63.16,66,0,5.41
122,Kalmunai,LK,2021-01-30 19:55:46,7.4167,81.8167,76.84,85,92,6.42
123,Ponta Do Sol,PT,2021-01-30 19:55:46,32.6667,-17.1,62.01,75,65,1.68
124,Bengkulu,ID,2021-01-30 19:55:46,-3.8004,102.2655,75.34,88,100,5.84
125,Sola,VU,2021-01-30 19:55:46,-13.8833,167.55,81.12,79,94,17.81
126,Fortuna,US,2021-01-30 19:55:46,40.5982,-124.1573,55.99,71,90,24.16
127,Puerto Ayora,EC,2021-01-30 19:55:47,-0.7393,-90.3518,86.0,66,0,16.11
128,Alofi,NU,2021-01-30 19:55:47,-19.0595,-169.9187,77.0,94,100,5.75
129,Te Anau,NZ,2021-01-30 19:55:47,-45.4167,167.7167,49.42,82,90,1.9
130,Palmer,US,2021-01-30 19:55:47,42.1584,-72.3287,25.0,36,20,3.44
131,Cockburn Town,TC,2021-01-30 19:55:47,21.4612,-71.1419,75.2,46,20,11.5
132,Victoria,HK,2021-01-30 19:52:31,22.2855,114.1577,62.01,75,17,1.01
133,Marsabit,KE,2021-01-30 19:55:47,2.3284,37.9899,69.8,42,64,10.25
134,Esperance,AU,2021-01-30 19:55:47,-33.8667,121.9,57.2,88,0,9.22
135,Waipawa,NZ,2021-01-30 19:55:47,-41.4122,175.5153,59.0,77,29,5.75
136,Oum Hadjer,TD,2021-01-30 19:55:48,13.2954,19.6966,76.6,18,0,11.12
137,Kaitangata,NZ,2021-01-30 19:55:48,-46.2817,169.8464,53.01,86,70,5.01
138,Krasnoselkup,RU,2021-01-30 19:55:48,65.7,82.4667,-31.32,81,90,8.55
139,Sokolka,PL,2021-01-30 19:55:48,53.4072,23.5023,26.01,91,100,8.5
140,Petropavlovsk-Kamchatskiy,RU,2021-01-30 19:55:43,53.0452,158.6483,26.6,59,40,15.66
141,Geraldton,AU,2021-01-30 19:55:48,-28.7667,114.6,84.2,24,0,18.41
142,Paamiut,GL,2021-01-30 19:55:48,61.994,-49.6678,28.4,88,99,14.76
143,Baghdad,IQ,2021-01-30 19:55:43,33.3406,44.4009,48.2,57,0,3.44
144,Aklavik,CA,2021-01-30 19:55:48,68.2191,-135.0107,-20.2,76,75,3.44
145,Tuktoyaktuk,CA,2021-01-30 19:55:48,69.4541,-133.0374,-36.4,74,40,1.54
146,Kungurtug,RU,2021-01-30 19:55:49,50.5994,97.5228,-2.31,85,88,6.17
147,Tabas,IR,2021-01-30 19:55:49,33.5959,56.9244,58.39,41,61,10.67
148,Lindi,TZ,2021-01-30 19:55:49,-10.0,39.7167,76.19,92,81,3.94
149,Prince Rupert,CA,2021-01-30 19:55:49,54.3161,-130.3201,39.2,75,90,4.61
150,La Palma,US,2021-01-30 19:52:00,33.8464,-118.0467,62.01,62,20,2.01
151,Bethel,US,2021-01-30 19:55:03,41.3712,-73.414,27.0,39,1,11.5
152,Lagunas,PE,2021-01-30 19:55:49,-5.2269,-75.6753,90.34,50,100,1.68
153,Souillac,MU,2021-01-30 19:55:49,-20.5167,57.5167,78.8,89,20,5.75
154,Ancud,CL,2021-01-30 19:55:49,-41.8697,-73.8203,68.0,45,0,6.91
155,Altay,CN,2021-01-30 19:55:49,47.8667,88.1167,7.61,77,0,2.84
156,Namibe,AO,2021-01-30 19:55:50,-15.1961,12.1522,73.69,78,50,9.55
157,Singkang,MY,2021-01-30 19:55:50,2.1006,102.7994,75.2,83,20,3.44
158,Christchurch,NZ,2021-01-30 19:55:50,-43.5333,172.6333,61.0,77,75,16.11
159,Touros,BR,2021-01-30 19:55:50,-5.1989,-35.4608,86.0,58,20,12.66
160,Cayenne,GF,2021-01-30 19:55:50,4.9333,-52.3333,80.6,94,75,10.36
161,Pacifica,US,2021-01-30 19:51:43,37.6138,-122.4869,57.0,71,75,3.44
162,Thana,PK,2021-01-30 19:55:50,34.6369,72.0739,46.9,44,0,5.77
163,Gardner,US,2021-01-30 19:55:50,42.5751,-71.9981,19.99,42,1,14.97
164,Viedma,AR,2021-01-30 19:55:50,-40.8135,-62.9967,73.0,38,36,1.01
165,Sheridan,US,2021-01-30 19:54:45,44.8333,-106.9173,36.0,69,90,9.22
166,Zhigalovo,RU,2021-01-30 19:55:51,54.8097,105.1578,-20.33,83,100,5.44
167,Nabire,ID,2021-01-30 19:55:51,-3.3667,135.4833,76.05,87,100,2.44
168,Macon,US,2021-01-30 19:55:51,39.8667,-88.9668,35.6,80,90,16.11
169,Taoudenni,ML,2021-01-30 19:55:51,22.6783,-3.9836,74.64,19,0,9.82
170,Padang,ID,2021-01-30 19:55:51,-0.9492,100.3543,76.75,77,100,4.94
171,Chokurdakh,RU,2021-01-30 19:55:51,70.6333,147.9167,-28.95,86,36,7.52
172,Georgetown,MY,2021-01-30 19:55:51,5.4112,100.3354,78.8,83,20,3.44
173,Makokou,GA,2021-01-30 19:55:51,0.5738,12.8642,71.87,93,100,2.59
174,Grand Gaube,MU,2021-01-30 19:55:51,-20.0064,57.6608,79.0,82,0,3.0
175,Coquimbo,CL,2021-01-30 19:55:51,-29.9533,-71.3436,66.2,82,75,13.8
176,Kozan,TR,2021-01-30 19:55:52,37.4552,35.8157,46.4,100,75,20.71
177,Belaya Gora,RU,2021-01-30 19:55:52,68.5333,146.4167,-31.59,84,100,2.86
178,Tasiilaq,GL,2021-01-30 19:55:52,65.6145,-37.6368,17.6,35,75,18.41
179,Guerrero Negro,MX,2021-01-30 19:55:52,27.9769,-114.0611,64.2,48,0,15.64
180,Bereda,ES,2021-01-30 19:55:52,43.2686,-7.5406,48.0,95,100,11.99
181,Wanning,CN,2021-01-30 19:55:52,18.8003,110.3967,67.82,87,66,8.39
182,Joshimath,IN,2021-01-30 19:55:52,30.5667,79.5667,38.86,37,0,4.74
183,Yuanping,CN,2021-01-30 19:55:52,38.7153,112.7575,27.32,78,66,0.56
184,Yarada,IN,2021-01-30 19:55:53,17.65,83.2667,73.4,94,40,2.3
185,Linjiang,CN,2021-01-30 19:55:53,41.8069,126.9078,5.18,85,99,1.68
186,Yagodnoye,RU,2021-01-30 19:55:53,62.55,149.6667,-26.79,82,100,4.16
187,Codrington,AU,2021-01-30 19:55:53,-38.2667,141.9667,58.35,72,94,5.66
188,Tecoanapa,MX,2021-01-30 19:55:53,16.5167,-98.75,85.03,55,98,10.92
189,Nyurba,RU,2021-01-30 19:55:53,63.2842,118.3319,-37.98,81,100,2.01
190,Ust-Shonosha,RU,2021-01-30 19:55:53,61.1531,41.343,22.17,97,100,6.62
191,Osa,RU,2021-01-30 19:55:53,57.2829,55.4567,25.61,97,100,12.39
192,Senovo,SI,2021-01-30 19:55:53,46.0236,15.4769,41.0,93,100,2.3
193,Upata,VE,2021-01-30 19:55:54,8.0086,-62.3989,82.99,76,49,5.01
194,Kamenka,RU,2021-01-30 19:55:54,51.3223,42.7678,34.0,96,100,12.37
195,Auki,SB,2021-01-30 19:55:54,-8.7676,160.7034,80.08,84,100,12.68
196,Russell,US,2021-01-30 19:51:11,32.3502,-85.1999,60.01,38,90,9.22
197,Khash,IR,2021-01-30 19:55:54,28.2211,61.2158,53.13,40,0,8.05
198,Boa Vista,BR,2021-01-30 19:55:09,2.8197,-60.6733,91.4,46,75,8.05
199,Galle,LK,2021-01-30 19:55:54,6.0367,80.217,76.89,85,99,2.39
200,Cabo San Lucas,MX,2021-01-30 19:55:54,22.8909,-109.9124,77.0,60,1,8.05
201,Cidreira,BR,2021-01-30 19:55:55,-30.1811,-50.2056,80.29,83,58,9.44
202,Thompson,CA,2021-01-30 19:51:21,55.7435,-97.8558,14.0,85,90,2.3
203,Morehead,US,2021-01-30 19:55:55,37.2711,-87.1764,46.4,49,90,11.5
204,Terrace,CA,2021-01-30 19:55:55,54.5163,-128.6035,23.0,68,90,21.85
205,Hualmay,PE,2021-01-30 19:55:55,-11.0964,-77.6139,76.78,63,58,13.91
206,Totness,SR,2021-01-30 19:55:55,5.8833,-56.3167,78.57,88,99,11.88
207,Tobias Barreto,BR,2021-01-30 19:55:55,-11.1839,-37.9983,82.72,58,100,14.07
208,San Andres,CO,2021-01-30 19:55:55,12.5847,-81.7006,86.0,66,40,23.02
209,Bathsheba,BB,2021-01-30 19:55:56,13.2167,-59.5167,84.2,58,20,17.27
210,Ust-Tarka,RU,2021-01-30 19:55:56,55.5672,75.705,0.55,93,100,11.81
211,Portland,US,2021-01-30 19:53:46,45.5234,-122.6762,48.0,76,90,14.97
212,Girau Do Ponciano,BR,2021-01-30 19:55:56,-9.8842,-36.8289,82.22,62,95,13.02
213,Sao Filipe,CV,2021-01-30 19:55:56,14.8961,-24.4956,75.85,56,100,8.43
214,San Quintin,MX,2021-01-30 19:55:56,30.4833,-115.95,60.93,53,0,6.69
215,Kautokeino,NO,2021-01-30 19:55:56,69.0125,23.0412,14.56,95,100,14.09
216,Saint-Pierre,RE,2021-01-30 19:55:56,-21.3393,55.4781,78.8,65,0,4.61
217,Kathu,TH,2021-01-30 19:55:22,7.9178,98.3332,75.2,88,20,3.44
218,Iqaluit,CA,2021-01-30 19:55:57,63.7506,-68.5145,-7.01,71,20,18.41
219,Los Llanos De Aridane,ES,2021-01-30 19:55:57,28.6585,-17.9182,64.4,77,75,13.8
220,North Battleford,CA,2021-01-30 19:55:57,52.7834,-108.2847,10.4,72,90,2.3
221,Sulangan,PH,2021-01-30 19:55:57,11.1373,123.7228,79.45,76,100,21.34
222,Saint Anthony,US,2021-01-30 19:55:57,45.0205,-93.218,33.01,64,90,9.22
223,Droitwich,GB,2021-01-30 19:55:57,52.2667,-2.15,37.0,100,98,17.49
224,Saint-Francois,FR,2021-01-30 19:55:57,46.4154,3.9054,48.2,81,75,5.75
225,Pangnirtung,CA,2021-01-30 19:55:57,66.1451,-65.7125,-9.4,77,1,2.3
226,Ilulissat,GL,2021-01-30 19:55:57,69.2167,-51.1,5.0,56,75,1.14
227,Eureka,US,2021-01-30 19:55:57,40.8021,-124.1637,55.99,59,87,10.0
228,Peniche,PT,2021-01-30 19:54:01,39.3558,-9.3811,57.0,73,70,11.01
229,College,US,2021-01-30 19:51:52,64.8569,-147.8028,-5.8,71,90,0.63
230,Beaver Falls,US,2021-01-30 19:55:58,40.752,-80.3192,32.0,55,1,4.61
231,Carnarvon,AU,2021-01-30 19:55:58,-24.8667,113.6333,80.6,94,25,11.5
232,Kavieng,PG,2021-01-30 19:55:58,-2.5744,150.7967,82.17,76,100,14.97
233,Manaure,CO,2021-01-30 19:55:58,11.7751,-72.4445,86.0,49,0,21.05
234,Port Hawkesbury,CA,2021-01-30 19:55:58,45.6169,-61.3485,28.0,80,90,13.8
235,Sitka,US,2021-01-30 19:55:59,57.0531,-135.33,39.2,60,40,9.22
236,Seguela,CI,2021-01-30 19:55:59,7.9611,-6.6731,87.82,30,64,4.29
237,Half Moon Bay,US,2021-01-30 19:55:59,37.4636,-122.4286,57.99,58,75,6.91
238,Nikolskoye,RU,2021-01-30 19:55:59,59.7035,30.7861,28.4,93,75,4.47
239,Yendi,GH,2021-01-30 19:55:59,9.4427,-0.0099,84.96,14,0,4.83
240,Claremorris,IE,2021-01-30 19:52:28,53.7167,-9.0,39.99,21,100,1.01
241,Misratah,LY,2021-01-30 19:55:59,32.3754,15.0925,65.84,55,0,7.63
242,Vestmannaeyjar,IS,2021-01-30 19:56:00,63.4427,-20.2734,32.0,74,75,12.66
243,Heishan,CN,2021-01-30 19:56:00,41.6892,122.1128,8.64,86,93,2.98
244,Dingle,PH,2021-01-30 19:56:00,10.9995,122.6711,71.47,90,100,9.89
245,Monrovia,LR,2021-01-30 19:56:00,6.3005,-10.7969,80.6,83,75,6.42
246,Ritchie,ZA,2021-01-30 19:56:00,-29.038,24.6028,71.6,43,0,3.44
247,Manuk Mangkaw,PH,2021-01-30 19:56:00,4.8,119.85,81.12,75,100,6.78
248,Asau,RO,2021-01-30 19:56:00,46.4333,26.4,46.4,61,0,10.36
249,Gara,HU,2021-01-30 19:56:00,46.0319,19.0428,42.8,93,0,2.3
250,Ponta Delgada,PT,2021-01-30 19:56:00,37.7333,-25.6667,63.0,94,75,14.97
251,Aden,YE,2021-01-30 19:53:22,12.7794,45.0367,74.86,71,0,8.39
252,Sept-Iles,CA,2021-01-30 19:56:01,50.2001,-66.3821,23.0,49,8,8.05
253,Beringovskiy,RU,2021-01-30 19:56:01,63.05,179.3167,-0.15,94,100,12.57
254,Narsaq,GL,2021-01-30 19:56:01,60.9167,-46.05,41.0,33,75,37.98
255,Tigil,RU,2021-01-30 19:56:01,57.8,158.6667,8.13,94,100,29.37
256,Siirt,TR,2021-01-30 19:54:31,37.9326,41.9403,34.21,86,2,4.85
257,Sur,OM,2021-01-30 19:56:01,22.5667,59.5289,66.97,56,0,10.16
258,Manta,EC,2021-01-30 19:56:01,-0.95,-80.7333,77.0,100,90,5.75
259,Camopi,GF,2021-01-30 19:56:01,3.1655,-52.3158,78.42,93,95,4.85
260,Hofn,IS,2021-01-30 19:56:02,64.2539,-15.2082,21.06,87,98,21.59
261,Staraya Poltavka,RU,2021-01-30 19:56:02,50.4772,46.4814,26.55,96,92,8.66
262,Pevek,RU,2021-01-30 19:56:02,69.7008,170.3133,-33.45,84,3,1.7
263,Lata,PT,2021-01-30 19:56:02,40.1629,-8.3327,55.99,85,58,3.0
264,Pokosnoye,RU,2021-01-30 19:56:02,55.5258,101.0536,-34.26,81,72,7.23
265,Kurilsk,RU,2021-01-30 19:56:02,45.2333,147.8833,20.16,95,100,18.45
266,Lompoc,US,2021-01-30 19:56:02,34.6391,-120.4579,55.99,71,75,3.44
267,Ostrovnoy,RU,2021-01-30 19:56:03,68.0531,39.5131,13.21,95,100,10.49
268,Arlit,NE,2021-01-30 19:56:03,18.7369,7.3853,68.43,19,98,6.22
269,Harper,LR,2021-01-30 19:56:03,4.375,-7.7169,78.57,85,46,6.62
270,Pisco,PE,2021-01-30 19:56:03,-13.7,-76.2167,79.0,65,0,6.91
271,Luderitz,NA,2021-01-30 19:56:03,-26.6481,15.1594,69.37,58,9,26.73
272,Shepsi,RU,2021-01-30 19:56:03,44.0361,39.1489,48.16,68,95,15.84
273,Praya,CV,2021-01-30 19:56:03,14.9215,-23.5087,75.2,57,0,18.41
274,Villarrica,PY,2021-01-30 19:56:03,-25.75,-56.4333,85.05,77,20,7.92
275,Korla,CN,2021-01-30 19:56:03,41.7597,86.1469,22.73,81,0,5.35
276,San Ignacio,BZ,2021-01-30 19:56:04,17.1561,-89.0714,80.6,65,75,4.61
277,Encruzilhada,BR,2021-01-30 19:56:04,-15.5314,-40.9094,82.22,48,19,10.27
278,Ferme-Neuve,CA,2021-01-30 19:56:04,46.7001,-75.4493,10.4,52,46,5.75
279,Wufeng,CN,2021-01-30 19:56:04,27.45,104.8333,33.58,100,100,3.4
280,Wuwei,CN,2021-01-30 19:56:04,37.9281,102.6414,22.98,66,0,4.68
281,Mnogovershinnyy,RU,2021-01-30 19:56:04,53.9353,139.9242,-10.28,91,100,4.07
282,Saldanha,ZA,2021-01-30 19:56:04,-33.0117,17.9442,64.56,89,0,8.77
283,Itoman,JP,2021-01-30 19:56:04,26.1247,127.6694,59.0,58,20,9.22
284,Hovd,MN,2021-01-30 19:56:04,48.0056,91.6419,9.97,82,98,0.6
285,Olean,US,2021-01-30 19:56:05,42.0776,-78.4297,27.0,63,75,3.44
286,Longyan,CN,2021-01-30 19:56:05,25.1072,117.0225,52.0,68,0,1.01
287,Mamlyutka,KZ,2021-01-30 19:56:05,54.9375,68.5394,18.32,94,100,10.98
288,Ca Mau,VN,2021-01-30 19:56:05,9.1769,105.15,73.31,83,67,5.7
289,Gerash,IR,2021-01-30 19:51:13,27.6652,54.1371,59.0,47,0,6.33
290,Kutum,SD,2021-01-30 19:56:05,14.2,24.6667,58.82,29,0,9.24
291,Mount Gambier,AU,2021-01-30 19:56:05,-37.8333,140.7667,50.0,93,0,2.71
292,Ambilobe,MG,2021-01-30 19:56:05,-13.2,49.05,74.59,92,3,2.28
293,Necochea,AR,2021-01-30 19:56:05,-38.5473,-58.7368,64.99,53,100,5.01
294,Dicabisagan,PH,2021-01-30 19:56:06,17.0818,122.4157,69.76,81,100,9.33
295,Butte,US,2021-01-30 19:53:02,39.6499,-121.5677,55.99,50,75,6.91
296,Hasaki,JP,2021-01-30 19:56:06,35.7333,140.8333,24.8,80,20,4.61
297,Ilhabela,BR,2021-01-30 19:56:06,-23.7781,-45.3581,81.0,73,43,5.88
298,Tromso,NO,2021-01-30 19:56:06,69.6496,18.957,19.0,86,0,1.14
299,Groton,US,2021-01-30 19:56:06,41.3501,-72.0784,27.0,36,1,11.5
300,Pangody,RU,2021-01-30 19:56:06,65.85,74.4859,-22.94,84,100,16.96
301,Petropavl,KZ,2021-01-30 19:51:43,54.8753,69.1628,17.02,94,100,10.76
302,Ihosy,MG,2021-01-30 19:56:06,-22.4,46.1167,70.9,86,1,3.31
303,Monclova,MX,2021-01-30 19:56:06,26.9,-101.4167,91.99,28,40,4.61
304,Gobo,JP,2021-01-30 19:56:07,33.8833,135.15,46.4,65,20,11.5
305,Coihaique,CL,2021-01-30 19:56:07,-45.5752,-72.0662,71.6,28,20,8.05
306,Olafsvik,IS,2021-01-30 19:56:07,64.8945,-23.7142,22.6,91,1,19.28
307,Caconda,AO,2021-01-30 19:56:07,-13.7333,15.0667,62.37,90,92,4.36
308,Tarata,BO,2021-01-30 19:56:07,-17.6167,-66.0167,73.99,38,8,11.99
309,Sambava,MG,2021-01-30 19:56:07,-14.2667,50.1667,78.12,82,6,4.36
310,Furstenfeld,AT,2021-01-30 19:56:07,47.05,16.0833,42.8,70,100,8.05
311,Waingapu,ID,2021-01-30 19:56:08,-9.6567,120.2641,78.08,82,100,16.96
312,Wajid,SO,2021-01-30 19:56:08,3.8093,43.2471,78.06,21,0,10.49
313,Rivera,UY,2021-01-30 19:51:47,-30.9053,-55.5508,89.44,50,86,6.82
314,Conceicao Da Barra,BR,2021-01-30 19:56:01,-18.5933,-39.7322,81.37,65,0,9.62
315,Bluefield,US,2021-01-30 19:56:08,37.2698,-81.2223,42.01,48,1,5.37
316,Mackenzie,CA,2021-01-30 19:56:08,55.2999,-123.1698,5.0,78,75,3.44
317,Itupiranga,BR,2021-01-30 19:56:08,-5.1347,-49.3267,87.8,70,40,5.75
318,Derzhavinsk,KZ,2021-01-30 19:56:08,51.1,66.3167,18.3,94,100,8.21
319,Hit,IQ,2021-01-30 19:56:08,33.6416,42.8251,52.86,46,4,8.08
320,La Ronge,CA,2021-01-30 19:56:09,55.1001,-105.2842,10.4,79,70,2.3
321,Aswan,EG,2021-01-30 19:54:05,24.0934,32.907,58.96,34,0,9.51
322,Ust-Ilimsk,RU,2021-01-30 19:56:09,58.0006,102.6619,-42.86,79,60,2.91
323,Alyangula,AU,2021-01-30 19:56:09,-13.8483,136.4192,78.8,100,19,16.46
324,Takoradi,GH,2021-01-30 19:56:09,4.8845,-1.7554,80.51,81,59,9.53
325,Nemuro,JP,2021-01-30 19:56:09,43.3236,145.575,21.22,92,100,16.82
326,Nome,US,2021-01-30 19:56:09,64.5011,-165.4064,-13.0,77,1,4.61
327,Nantucket,US,2021-01-30 19:56:09,41.2835,-70.0995,19.99,58,1,14.97
328,Xining,CN,2021-01-30 19:56:09,36.6167,101.7667,13.19,76,18,3.13
329,Tura,IN,2021-01-30 19:56:10,25.5198,90.2201,50.97,44,0,1.79
330,Tessalit,ML,2021-01-30 19:56:10,20.1986,1.0114,67.89,19,52,10.11
331,Faanui,PF,2021-01-30 19:56:10,-16.4833,-151.75,81.23,68,60,5.53
332,Elat,IL,2021-01-30 19:56:10,29.5581,34.9482,57.2,54,0,3.22
333,Sabang,ID,2021-01-30 19:56:10,5.8933,95.3214,81.28,74,6,19.33
334,Amahai,ID,2021-01-30 19:56:10,-3.3333,128.9167,77.86,81,87,4.9
335,Sorkjosen,NO,2021-01-30 19:56:10,69.8,20.9333,21.4,89,100,5.35
336,Havoysund,NO,2021-01-30 19:56:10,70.9963,24.6622,26.6,86,90,19.57
337,Dubbo,AU,2021-01-30 19:56:10,-32.25,148.6167,66.2,94,25,9.22
338,Ribeira Brava,PT,2021-01-30 19:56:10,32.65,-17.0667,62.01,94,64,1.1
339,Kualakapuas,ID,2021-01-30 19:56:11,-3.0091,114.3876,77.0,94,75,0.89
340,Port Macquarie,AU,2021-01-30 19:53:25,-31.4333,152.9167,70.0,99,50,8.66
341,Aykhal,RU,2021-01-30 19:56:11,66.0,111.5,-37.35,79,49,12.53
342,Ipixuna,BR,2021-01-30 19:56:11,-1.7625,-48.8043,84.2,74,75,10.36
343,Qidong,CN,2021-01-30 19:56:11,31.8128,121.6561,51.01,75,100,1.01
344,Daugavpils,LV,2021-01-30 19:56:11,55.8833,26.5333,25.03,97,97,10.31
345,San Carlos De Bariloche,AR,2021-01-30 19:54:10,-41.1456,-71.3082,75.2,17,75,4.61
346,Tautira,PF,2021-01-30 19:56:11,-17.7333,-149.15,86.0,62,75,6.91
347,Port Elizabeth,ZA,2021-01-30 19:56:11,-33.918,25.5701,64.4,94,40,5.75
348,Alice Springs,AU,2021-01-30 19:56:12,-23.7,133.8833,82.4,34,75,9.22
349,Gusinoye Ozero,RU,2021-01-30 19:56:12,51.1144,106.2614,-2.61,79,100,14.88
350,Angarsk,RU,2021-01-30 19:56:12,52.5367,103.8864,-7.6,71,90,20.13
351,Kailua,US,2021-01-30 19:56:12,21.4022,-157.7394,75.2,64,40,16.11
352,Keetmanshoop,NA,2021-01-30 19:56:12,-26.5833,18.1333,84.18,13,0,15.68
353,Yekaterinoslavka,RU,2021-01-30 19:56:12,50.3734,129.1139,-32.44,84,0,2.17
354,Katakwi,UG,2021-01-30 19:56:12,1.8911,33.9661,78.76,36,99,5.35
355,Rio Gallegos,AR,2021-01-30 19:56:12,-51.6226,-69.2181,62.6,36,40,18.41
356,Grindavik,IS,2021-01-30 19:56:12,63.8424,-22.4338,24.8,68,40,18.41
357,Nanortalik,GL,2021-01-30 19:56:13,60.1432,-45.2371,32.61,88,100,10.25
358,Abancay,PE,2021-01-30 19:56:13,-13.6339,-72.8814,53.6,82,90,9.22
359,Sri Aman,MY,2021-01-30 19:56:13,1.2376,111.4621,75.2,100,100,0.98
360,Tazovskiy,RU,2021-01-30 19:56:13,67.4667,78.7,-28.77,82,100,11.95
361,Aguilas,ES,2021-01-30 19:56:13,37.4063,-1.5829,64.0,48,100,21.0
362,Amparafaravola,MG,2021-01-30 19:56:13,-17.5833,48.2167,68.65,89,100,5.35
363,Sao Borja,BR,2021-01-30 19:56:13,-28.6606,-56.0044,88.05,59,97,9.42
364,Iquique,CL,2021-01-30 19:52:29,-20.2208,-70.1431,73.4,60,0,17.27
365,Dzaoudzi,YT,2021-01-30 19:56:13,-12.7887,45.2699,78.8,89,75,2.3
366,Lasa,IT,2021-01-30 19:56:14,46.6166,10.7002,39.0,93,90,3.44
367,North Bend,US,2021-01-30 19:56:14,43.4065,-124.2243,48.2,93,90,6.2
368,Alihe,CN,2021-01-30 19:56:14,50.5667,123.7167,-20.36,82,100,0.63
369,Ahipara,NZ,2021-01-30 19:56:14,-35.1667,173.1667,63.46,64,0,7.27
370,Vung Tau,VN,2021-01-30 19:56:14,10.346,107.0843,74.95,77,100,10.98
371,Abrau-Dyurso,RU,2021-01-30 19:56:14,44.69,37.59,44.6,65,100,11.18
372,Turayf,SA,2021-01-30 19:56:14,31.6725,38.6637,44.6,87,20,6.91
373,Nisia Floresta,BR,2021-01-30 19:55:51,-6.0911,-35.2086,86.0,62,20,16.11
374,Solnechnyy,RU,2021-01-30 19:56:14,50.7214,136.6319,-12.89,87,55,3.91
375,Knysna,ZA,2021-01-30 19:56:15,-34.0363,23.0471,66.2,82,75,2.89
376,Yulara,AU,2021-01-30 19:56:15,-25.2406,130.9889,84.2,37,40,12.66
377,Atar,MR,2021-01-30 19:56:15,20.5169,-13.0499,72.59,18,7,9.6
378,Okhotsk,RU,2021-01-30 19:56:15,59.3833,143.3,-12.68,79,0,15.32
379,General Cepeda,MX,2021-01-30 19:56:15,25.3833,-101.45,78.8,22,1,13.8
380,Oleksandrivka,UA,2021-01-30 19:56:15,48.9634,32.2349,35.85,95,100,13.27
381,Altamont,US,2021-01-30 19:56:15,42.2068,-121.7372,39.2,65,90,16.11
382,Mount Pleasant,US,2021-01-30 19:56:15,32.7941,-79.8626,51.01,50,1,3.44
383,Hamilton,US,2021-01-30 19:56:07,39.1834,-84.5333,36.0,48,75,12.66
384,Usakos,NA,2021-01-30 19:56:16,-22.0,15.6,74.98,52,0,10.2
385,Shenjiamen,CN,2021-01-30 19:56:16,29.9576,122.298,51.51,80,93,14.45
386,Les Cayes,HT,2021-01-30 19:56:16,18.2,-73.75,81.48,58,5,5.93
387,Sinnamary,GF,2021-01-30 19:56:16,5.3833,-52.95,79.52,85,100,14.45
388,Manicore,BR,2021-01-30 19:56:16,-5.8092,-61.3003,80.58,92,100,4.23
389,Bawal,IN,2021-01-30 19:56:16,28.0833,76.5833,49.69,44,0,3.11
390,Karatau,KZ,2021-01-30 19:56:16,43.1667,70.4667,40.57,65,100,3.29
391,Gorin,RU,2021-01-30 19:56:16,51.1983,136.6669,-9.8,90,82,4.03
392,Khani,GE,2021-01-30 19:56:17,41.9563,42.9566,39.2,87,0,9.22
393,Faya,SA,2021-01-30 19:56:17,18.3851,42.4509,57.2,71,0,4.61
394,Kahului,US,2021-01-30 19:56:17,20.8947,-156.47,73.4,73,40,17.27
395,Kondoa,TZ,2021-01-30 19:56:17,-4.9,35.7833,63.12,86,18,3.78
396,Naze,JP,2021-01-30 19:56:17,28.3667,129.4833,51.28,67,0,8.57
397,Berzence,HU,2021-01-30 19:56:17,46.2091,17.1481,44.01,75,0,10.36
398,Vao,NC,2021-01-30 19:56:17,-22.6667,167.4833,75.34,82,91,26.28
399,Tambacounda,SN,2021-01-30 19:56:17,13.7539,-13.7586,93.2,36,0,6.91
400,Campoverde,PE,2021-01-30 19:56:17,-8.4753,-74.8058,82.4,78,75,8.05
401,Murray,US,2021-01-30 19:56:17,40.6669,-111.888,42.8,65,1,0.98
402,San Patricio,US,2021-01-30 19:56:18,28.017,-97.5169,81.0,65,75,26.46
403,Nassau,US,2021-01-30 19:56:18,40.7507,-73.5829,33.01,31,1,11.5
404,Llanera,ES,2021-01-30 19:56:18,43.4619,-5.9311,53.01,87,75,24.16
405,Tarrafal,CV,2021-01-30 19:56:18,15.2833,-23.7667,75.2,57,0,18.41
406,Adelaide,AU,2021-01-30 19:56:18,-34.9333,138.6,61.0,72,0,11.5
407,San Carlos,VE,2021-01-30 19:56:18,9.6612,-68.5827,95.18,25,36,4.0
408,Dorado,PR,2021-01-30 19:56:18,18.4588,-66.2677,78.8,73,75,12.66
409,Dobric,RS,2021-01-30 19:56:18,44.7019,19.5814,48.0,80,99,5.41
410,Adwa,ET,2021-01-30 19:56:19,14.1646,38.8955,55.15,63,0,4.07
411,Imperia,IT,2021-01-30 19:56:19,43.9667,7.7833,50.0,93,75,12.66
412,Fukue,JP,2021-01-30 19:56:19,32.6881,128.8419,50.04,52,3,1.97
413,Abha,SA,2021-01-30 19:56:19,18.2164,42.5053,57.2,71,0,4.61
414,Emerald,AU,2021-01-30 19:56:19,-23.5333,148.1667,73.4,83,40,5.75
415,Kaitong,CN,2021-01-30 19:56:19,44.8135,123.15,-7.89,89,100,6.93
416,Merced,US,2021-01-30 19:56:19,37.1666,-120.7516,59.0,54,1,5.75
417,Banda Aceh,ID,2021-01-30 19:56:19,5.5577,95.3222,76.64,83,27,11.83
418,Bridlington,GB,2021-01-30 19:52:06,54.0831,-0.1919,36.0,81,84,3.0
419,Sobolevo,RU,2021-01-30 19:56:19,54.4299,31.8996,17.15,98,100,6.64
420,Goderich,CA,2021-01-30 19:56:20,43.7501,-81.7165,26.6,68,100,3.44
421,Bairiki,KI,2021-01-30 19:56:20,1.3292,172.9752,78.8,83,40,9.22
422,Swift Current,CA,2021-01-30 19:56:20,50.2834,-107.8014,5.0,85,1,4.61
423,Seoul,KR,2021-01-30 19:56:20,37.5683,126.9778,23.0,93,96,2.3
424,Morgantown,US,2021-01-30 19:55:08,39.6295,-79.9559,30.99,43,1,8.05
425,Lagoa Nova,BR,2021-01-30 19:56:20,-6.1,-36.4833,84.67,39,31,16.31
426,Dwarka,IN,2021-01-30 19:56:20,22.2394,68.9678,67.8,50,0,13.44
427,Narasapur,IN,2021-01-30 19:56:20,16.45,81.6667,69.93,90,100,2.15
428,Vicksburg,US,2021-01-30 19:55:38,32.3526,-90.8779,66.2,63,75,17.27
429,Dolores,AR,2021-01-30 19:56:20,-36.3132,-57.6792,61.92,68,100,14.92
430,Bima,ID,2021-01-30 19:56:21,-8.4667,118.7167,75.78,87,100,2.42
431,Oktyabrskiy,RU,2021-01-30 19:56:21,54.4815,53.471,23.45,97,85,11.41
432,Broome,US,2021-01-30 19:56:21,42.2506,-75.833,23.0,67,20,11.5
433,Port Lavaca,US,2021-01-30 19:56:21,28.615,-96.6261,75.2,69,90,19.57
434,Hami,CN,2021-01-30 19:56:21,42.8,93.45,21.22,83,0,1.36
435,Kapit,MY,2021-01-30 19:56:21,2.0167,112.9333,73.56,94,100,0.74
436,Tateyama,JP,2021-01-30 19:56:22,34.9833,139.8667,35.6,60,20,3.44
437,Torbay,CA,2021-01-30 19:56:22,47.6666,-52.7314,30.0,86,90,16.11
438,Opuwo,NA,2021-01-30 19:56:22,-18.0607,13.84,74.12,46,94,9.35
439,Santa Lucia,ES,2021-01-30 19:56:22,27.9117,-15.5407,64.99,72,20,18.41
440,Kieta,PG,2021-01-30 19:56:22,-6.2167,155.6333,81.18,80,50,13.67
441,Flin Flon,CA,2021-01-30 19:56:22,54.7682,-101.865,14.0,85,90,2.3
442,Kudahuvadhoo,MV,2021-01-30 19:56:22,2.6708,72.8944,81.07,78,84,12.19
443,Gamba,GA,2021-01-30 19:56:22,-2.65,10.0,78.28,86,100,6.4
444,Revelstoke,CA,2021-01-30 19:56:23,50.9832,-118.2023,28.4,86,90,3.76
445,Zyryanka,RU,2021-01-30 19:56:23,65.75,150.85,-33.25,83,100,11.5
446,Istra,RU,2021-01-30 19:52:13,55.9178,36.8642,24.8,80,75,11.18
447,Saint-Leu,RE,2021-01-30 19:56:23,-21.15,55.2833,77.0,60,6,0.81
448,South River,US,2021-01-30 19:56:23,40.4465,-74.386,34.0,36,0,1.01
449,Uong Bi,VN,2021-01-30 19:56:23,21.0333,106.7833,64.4,88,40,5.75
450,Valente,BR,2021-01-30 19:56:23,-11.4122,-39.4619,84.61,49,89,15.01
451,Axim,GH,2021-01-30 19:56:23,4.8699,-2.2405,80.2,84,98,8.5
452,Kloulklubed,PW,2021-01-30 19:56:24,7.0419,134.2556,80.6,74,75,8.05
453,Ixtapa,MX,2021-01-30 19:56:24,20.7,-105.2,78.8,57,1,9.22
454,Vila Velha,BR,2021-01-30 19:56:24,-20.3297,-40.2925,86.0,62,0,19.57
455,Saint-Joseph,RE,2021-01-30 19:56:24,-21.3667,55.6167,78.8,65,0,4.61
456,Andra,RU,2021-01-30 19:56:24,62.5147,65.8878,-12.39,89,100,10.07
457,Balangiga,PH,2021-01-30 19:56:24,11.1097,125.3875,76.8,82,98,14.67
458,Tchibanga,GA,2021-01-30 19:56:24,-2.85,11.0333,72.72,89,88,2.28
459,New Glasgow,CA,2021-01-30 19:56:24,45.5834,-62.6486,24.8,80,100,25.32
460,Flinders,AU,2021-01-30 19:56:24,-34.5833,150.8552,71.01,88,84,5.01
461,Puerto Maldonado,PE,2021-01-30 19:56:25,-12.6,-69.1833,87.8,66,40,6.91
462,Pitelino,RU,2021-01-30 19:56:25,54.5777,41.8145,21.18,97,100,11.03
463,Salinopolis,BR,2021-01-30 19:56:25,-0.6136,-47.3561,79.99,86,100,11.79
464,Buala,SB,2021-01-30 19:56:25,-8.145,159.5921,81.86,83,100,14.58
465,Bako,ET,2021-01-30 19:56:25,5.7833,36.5667,70.0,50,0,1.43
466,Yenagoa,NG,2021-01-30 19:56:25,4.9247,6.2642,80.47,78,0,6.49
467,Kichera,RU,2021-01-30 19:56:25,55.9375,110.0997,-20.16,69,0,5.79
468,Egvekinot,RU,2021-01-30 19:56:25,66.3167,-179.1667,-26.23,83,0,10.11
469,Kruisfontein,ZA,2021-01-30 19:56:25,-34.0033,24.7314,66.99,78,1,1.01
470,Chimbote,PE,2021-01-30 19:56:26,-9.0853,-78.5783,76.42,60,77,12.77
471,Oruro,BO,2021-01-30 19:56:26,-17.9833,-67.15,62.17,28,11,5.17
472,Margate,GB,2021-01-30 19:56:26,51.3813,1.3862,39.99,81,100,5.99
473,Hay River,CA,2021-01-30 19:56:10,60.8156,-115.7999,-13.0,70,7,4.61
474,Rorvik,NO,2021-01-30 19:56:26,64.8621,11.2373,28.6,95,73,11.25
475,Alta Floresta,BR,2021-01-30 19:56:26,-9.8756,-56.0861,79.97,90,63,2.73
476,Cururupu,BR,2021-01-30 19:56:26,-1.8283,-44.8683,83.43,69,61,7.58
477,San Juan,AR,2021-01-30 19:52:45,-31.5375,-68.5364,78.64,38,13,17.67
478,Santa Marta,CO,2021-01-30 19:55:13,11.2408,-74.199,89.01,54,3,18.01
479,Comodoro Rivadavia,AR,2021-01-30 19:56:27,-45.8667,-67.5,66.2,42,20,10.36
480,Uyuni,BO,2021-01-30 19:56:27,-20.4597,-66.825,62.51,25,4,12.3
481,Zabid,YE,2021-01-30 19:56:27,14.1951,43.3152,73.44,78,0,5.99
482,Mastic Beach,US,2021-01-30 19:56:27,40.7668,-72.8521,28.99,36,1,14.97
483,Salvador,SV,2021-01-30 19:56:27,13.8333,-88.9167,87.8,51,20,8.05
484,Zhigansk,RU,2021-01-30 19:56:27,66.7697,123.3711,-49.49,76,52,1.52
485,Oranjestad,AW,2021-01-30 19:54:24,12.524,-70.027,84.2,61,20,24.16
486,Meulaboh,ID,2021-01-30 19:56:28,4.1363,96.1285,75.49,85,74,5.32
487,Aras,ES,2021-01-30 19:56:28,42.5617,-2.356,46.0,91,96,1.01
488,Tabuk,PH,2021-01-30 19:56:28,17.4189,121.4443,63.45,87,100,3.24
489,Doha,QA,2021-01-30 19:56:28,25.2867,51.5333,68.0,64,0,10.36
490,Scarborough,GB,2021-01-30 19:55:50,54.2797,-0.4044,36.0,76,48,4.0
491,Makakilo City,US,2021-01-30 19:56:28,21.3469,-158.0858,73.4,73,75,4.61
492,Santa Rosa,PH,2021-01-30 19:56:28,14.3122,121.1114,73.4,68,20,3.44
493,Norilsk,RU,2021-01-30 19:56:28,69.3535,88.2027,-31.7,70,0,5.14
494,Isla Del Bosque,MX,2021-01-30 19:56:28,22.7333,-105.85,77.0,57,1,5.75
495,Kavaratti,IN,2021-01-30 19:56:28,10.5669,72.642,80.94,69,44,6.8
496,Lac Du Bonnet,CA,2021-01-30 19:56:28,50.2536,-96.0612,25.0,100,100,4.63
497,Abbeville,FR,2021-01-30 19:56:29,50.1,1.8333,41.0,69,100,16.62
498,Betanzos,ES,2021-01-30 19:56:29,43.2804,-8.2147,55.0,66,40,18.41
499,Gravdal,NO,2021-01-30 19:56:29,68.1214,13.5031,26.51,88,0,6.06
500,Akyab,MM,2021-01-30 19:56:29,20.15,92.9,68.02,61,100,11.54
501,Batemans Bay,AU,2021-01-30 19:56:29,-35.7167,150.1833,63.0,91,100,4.0
502,Chino Valley,US,2021-01-30 19:56:29,34.7575,-112.4538,39.99,100,90,4.61
503,Dubovskoye,RU,2021-01-30 19:56:29,47.4092,42.7575,34.52,91,35,9.31
504,Jurm,AF,2021-01-30 19:56:29,36.8648,70.8342,35.89,60,99,5.59
505,Wajima,JP,2021-01-30 19:56:29,37.4,136.9,36.99,81,98,14.0
506,Malatya,TR,2021-01-30 19:56:30,38.5,38.0,33.8,80,90,6.91
507,Svetlogorsk,BY,2021-01-30 19:56:30,52.6333,29.7333,24.4,98,100,2.24
508,Qasigiannguit,GL,2021-01-30 19:56:30,68.8193,-51.1922,5.0,56,75,1.14
509,Muromtsevo,RU,2021-01-30 19:56:30,56.3724,75.2418,-2.65,91,100,10.71
510,Juneau,US,2021-01-30 19:51:52,58.3019,-134.4197,32.0,86,90,6.24
511,At-Bashi,KG,2021-01-30 19:56:30,41.1702,75.8106,6.67,53,23,4.41
512,Mangai,CD,2021-01-30 19:55:12,-4.05,19.5333,72.18,97,100,3.49
513,Whitianga,NZ,2021-01-30 19:56:30,-36.8333,175.7,66.99,63,0,1.01
514,San Ramon,US,2021-01-30 19:56:31,37.7799,-121.978,57.0,71,75,2.77
515,Corner Brook,CA,2021-01-30 19:56:31,48.9667,-57.9484,26.6,80,90,9.22
516,Chifeng,CN,2021-01-30 19:56:31,42.2683,118.9636,1.42,89,0,0.89
517,Praia,CV,2021-01-30 19:56:03,14.9215,-23.5087,75.2,57,0,18.41
518,Kachiry,KZ,2021-01-30 19:56:31,53.0675,76.1036,9.18,95,100,8.88
519,Liancheng,CN,2021-01-30 19:56:31,24.0519,105.075,50.77,88,100,2.24
520,Omboue,GA,2021-01-30 19:56:31,-1.5746,9.2618,77.85,87,100,0.56
521,Ullapool,GB,2021-01-30 19:56:31,57.8987,-5.1604,30.0,71,13,1.99
522,Dali,CN,2021-01-30 19:56:32,25.7,100.1833,42.66,79,0,5.01
523,Mitsamiouli,KM,2021-01-30 19:56:32,-11.3847,43.2844,82.38,76,100,9.13
524,Haimen,CN,2021-01-30 19:56:32,23.1935,116.6142,53.6,82,0,4.47
525,Vukovar,HR,2021-01-30 19:56:32,45.3433,18.9997,42.8,93,0,2.3
526,Coruripe,BR,2021-01-30 19:56:32,-10.1256,-36.1756,81.21,72,96,11.54
527,Kralendijk,BQ,2021-01-30 19:56:32,12.15,-68.2667,78.67,77,0,18.66
528,High Prairie,CA,2021-01-30 19:56:32,55.4334,-116.4858,6.8,78,0,9.22
529,Karlstad,SE,2021-01-30 19:56:32,59.3793,13.5036,6.8,92,0,2.3
530,Blatnica,BA,2021-01-30 19:56:32,44.4864,17.8233,46.4,81,0,2.3
531,Bandarbeyla,SO,2021-01-30 19:56:32,9.4942,50.8122,74.05,74,9,14.07
532,Yueyang,CN,2021-01-30 19:56:33,29.3333,113.0919,48.34,79,100,0.78
533,Nelson Bay,AU,2021-01-30 19:56:33,-32.7167,152.15,68.0,100,90,5.75
534,Oksfjord,NO,2021-01-30 19:56:33,70.2396,22.3479,26.6,92,100,2.3
535,Laguna,US,2021-01-30 19:56:33,38.421,-121.4238,57.99,58,20,4.61
536,Idritsa,RU,2021-01-30 19:56:33,56.3316,28.8988,24.94,98,100,8.1
537,Zaysan,KZ,2021-01-30 19:56:33,47.4667,84.8667,-0.6,85,71,2.08
538,Chapais,CA,2021-01-30 19:56:33,49.7834,-74.8492,-0.4,65,90,8.05
539,Zalantun,CN,2021-01-30 19:55:06,48.0,122.7167,-15.79,86,100,1.1
540,Winnemucca,US,2021-01-30 19:56:34,40.973,-117.7357,37.4,60,1,11.5
541,Lufilufi,WS,2021-01-30 19:56:34,-13.8745,-171.5986,78.8,89,90,27.63
542,Gornopravdinsk,RU,2021-01-30 19:56:34,60.05,69.9,-0.45,92,100,10.67
543,Antofagasta,CL,2021-01-30 19:54:23,-23.65,-70.4,75.0,64,20,16.11
544,Yongchang,CN,2021-01-30 19:56:34,30.0381,119.7317,51.01,70,100,2.28
545,Riohacha,CO,2021-01-30 19:56:34,11.5444,-72.9072,85.84,50,0,16.87
546,Whitehorse,CA,2021-01-30 19:56:34,60.7161,-135.0538,-13.0,84,75,3.44
547,Norman Wells,CA,2021-01-30 19:56:34,65.282,-126.8329,-27.4,75,40,2.95
548,Bud,US,2021-01-30 19:56:35,39.447,-86.1758,35.01,68,100,14.45
549,Laerdalsoyri,NO,2021-01-30 19:56:35,61.098,7.4816,10.99,81,99,1.99
550,Gat,IL,2021-01-30 19:56:35,31.61,34.7642,55.0,56,0,1.99
551,Turukhansk,RU,2021-01-30 19:56:35,65.8167,87.9833,-31.68,76,0,4.72
552,Komsomolskiy,UZ,2021-01-30 19:56:35,40.4272,71.7189,37.4,44,100,6.91
553,Bangassou,CF,2021-01-30 19:56:35,4.7413,22.8184,74.86,29,98,1.77
